epoch,train_loss,train_auc,train_acc,train_balanced_acc,val_loss,val_auc,val_acc,val_balanced_acc,train_recon_loss,train_kl_loss,train_cls_loss,train_consistency_loss,val_recon_loss,val_kl_loss,val_cls_loss,val_consistency_loss
1,0.8484965768900323,0.48440613522099263,0.906,0.1994862385321101,0.8216631384122939,0.4982311283299431,0.921,0.2,0.06370058126668347,0.027995757145888884,1.5684714314151318,0.0028032083566281374,0.0608480449706789,0.011673982580384564,1.5208299784433275,0.0028336505287341654
2,0.8348175959384188,0.4843661989596139,0.9083333333333333,0.2,0.8109258356548491,0.5434086452969099,0.921,0.2,0.05900091257818202,0.06367539363712607,1.5496715665497678,0.0034414675152375103,0.057789728932437445,0.004514999488102538,1.5055950671907454,0.002934240802590336
3,0.8305329800920284,0.46184912697078423,0.9083333333333333,0.2,0.7901959305717832,0.5080716984252902,0.921,0.2,0.05663552688078043,0.010793310211119341,1.5469740553105131,0.0030249009005467783,0.05662468678894497,0.017251852190210706,1.4662075459011017,0.0029495471630186314
4,0.8282270647109823,0.48587972959646164,0.9083333333333333,0.2,0.7931472318513053,0.531858520046226,0.921,0.2,0.05617249842257576,0.01199738871048581,1.5432629895971177,0.0030309855708842504,0.05613881284518847,0.006952503422600409,1.472873093589904,0.005023483955670917
5,0.8282865669499052,0.5153492270484014,0.9083333333333333,0.2,0.8038547039031982,0.4460290241230497,0.921,0.2,0.05609329298455665,0.00695119916022993,1.5436273759349863,0.0031007429191030247,0.05606501750529758,0.0010769741576431052,1.494771052920629,0.003933899762434146
6,0.820268508601696,0.47197598678786223,0.9083333333333333,0.2,0.7960034826445201,0.49588093982719694,0.921,0.2,0.05593388279939585,0.004142162906491455,1.5279770902496703,0.003046605765740288,0.0561353765901119,0.0014464843996046554,1.4790981137563313,0.003045866077411033
